{
    "display": {
        "icon": {
            "item": "minecraft:sweet_berries"
        },
        "title": {"translate":"Berry Nice!"},
        "description": {"translate":"Pick and eat some sweet berries"}
    },
    "parent": "blazeandcave:farming/care_for_the_environment",
	"rewards": {
		"function": "bc_rewards:farming/berry_nice"
    },		
    "criteria": {
        "sweet_berries": {
            "trigger": "minecraft:consume_item",
            "conditions": {
                "item": {
					"items": [
						"minecraft:sweet_berries"
					]
                }
            }
        }
    }
}