{
    "display": {
        "icon": {
            "item": "minecraft:spruce_leaves"
        },
        "title": {"translate":"Disen Berry Berry Bad!"},
        "description": {"translate":"Get stuck in a sweet berry bush. Oh, icky yucky goo!"},
		"hidden": "false"
    },
    "parent": "blazeandcave:farming/berry_nice",
	"rewards": {
		"function": "bc_rewards:farming/disen_berry_berry_bad"
    },
    "criteria": {
        "age1": {
            "trigger": "minecraft:enter_block",
            "conditions": {
				"block": "minecraft:sweet_berry_bush",
				"state": {
					"age": 1
				}
            }
        },
        "age2": {
            "trigger": "minecraft:enter_block",
            "conditions": {
				"block": "minecraft:sweet_berry_bush",
				"state": {
					"age": 2
				}
            }
        },
        "age3": {
            "trigger": "minecraft:enter_block",
            "conditions": {
				"block": "minecraft:sweet_berry_bush",
				"state": {
					"age": 3
				}
            }
        }	
    },
	"requirements": [
		[
		"age1",
		"age2",
		"age3"
		]
	]
}