{
    "display": {
        "icon": {
            "item": "minecraft:red_mushroom"
        },
        "title": {"translate":"Shrooms"},
        "description": {"translate":"Gather both types of mushroom"}
    },
    "parent": "blazeandcave:farming/care_for_the_environment",
	"rewards": {
		"function": "bc_rewards:farming/shrooms"
    },		
    "criteria": {
        "red_mushroom": {
            "trigger": "minecraft:inventory_changed",
            "conditions": {
                "items": [
                    {
						"items": [
							"minecraft:red_mushroom"
						]
                    }
                ]
            }
        },
        "brown_mushroom": {
            "trigger": "minecraft:inventory_changed",
            "conditions": {
                "items": [
                    {
						"items": [
							"minecraft:brown_mushroom"
						]
                    }
                ]
            }
        }		
    }
}