{
    "display": {
        "icon": {
            "item": "minecraft:polished_blackstone_bricks"
        },
        "title": {"translate":"Blackstonehenge"},
        "description": {"translate":"Craft or collect all forms of Blackstone, Polished Blackstone and Polished Blackstone Bricks"}
    },
    "parent": "blazeandcave:building/no_chain_no_gain",
    "rewards": {
        "function": "bc_rewards:building/blackstonehenge"
    },		
    "criteria": {
        "blackstone": {
            "trigger": "minecraft:inventory_changed",
            "conditions": {
                "items": [
                    {
						"items": [
							"minecraft:blackstone"
						]
                    }
                ]
            }
        },
        "blackstone_slab": {
            "trigger": "minecraft:inventory_changed",
            "conditions": {
                "items": [
                    {
						"items": [
							"minecraft:blackstone_slab"
						]
                    }
                ]
            }
        },
        "blackstone_stairs": {
            "trigger": "minecraft:inventory_changed",
            "conditions": {
                "items": [
                    {
						"items": [
							"minecraft:blackstone_stairs"
						]
                    }
                ]
            }
        },
        "blackstone_wall": {
            "trigger": "minecraft:inventory_changed",
            "conditions": {
                "items": [
                    {
						"items": [
							"minecraft:blackstone_wall"
						]
                    }
                ]
            }
        },
        "polished_blackstone": {
            "trigger": "minecraft:inventory_changed",
            "conditions": {
                "items": [
                    {
						"items": [
							"minecraft:polished_blackstone"
						]
                    }
                ]
            }
        },
        "polished_blackstone_slab": {
            "trigger": "minecraft:inventory_changed",
            "conditions": {
                "items": [
                    {
						"items": [
							"minecraft:polished_blackstone_slab"
						]
                    }
                ]
            }
        },
        "polished_blackstone_stairs": {
            "trigger": "minecraft:inventory_changed",
            "conditions": {
                "items": [
                    {
						"items": [
							"minecraft:polished_blackstone_stairs"
						]
                    }
                ]
            }
        },
        "polished_blackstone_wall": {
            "trigger": "minecraft:inventory_changed",
            "conditions": {
                "items": [
                    {
						"items": [
							"minecraft:polished_blackstone_wall"
						]
                    }
                ]
            }
        },
        "polished_blackstone_bricks": {
            "trigger": "minecraft:inventory_changed",
            "conditions": {
                "items": [
                    {
						"items": [
							"minecraft:polished_blackstone_bricks"
						]
                    }
                ]
            }
        },
        "polished_blackstone_brick_slab": {
            "trigger": "minecraft:inventory_changed",
            "conditions": {
                "items": [
                    {
						"items": [
							"minecraft:polished_blackstone_brick_slab"
						]
                    }
                ]
            }
        },
        "polished_blackstone_brick_stairs": {
            "trigger": "minecraft:inventory_changed",
            "conditions": {
                "items": [
                    {
						"items": [
							"minecraft:polished_blackstone_brick_stairs"
						]
                    }
                ]
            }
        },
        "polished_blackstone_brick_wall": {
            "trigger": "minecraft:inventory_changed",
            "conditions": {
                "items": [
                    {
						"items": [
							"minecraft:polished_blackstone_brick_wall"
						]
                    }
                ]
            }
        },
        "cracked_polished_blackstone_bricks": {
            "trigger": "minecraft:inventory_changed",
            "conditions": {
                "items": [
                    {
						"items": [
							"minecraft:cracked_polished_blackstone_bricks"
						]
                    }
                ]
            }
        },
        "chiseled_polished_blackstone": {
            "trigger": "minecraft:inventory_changed",
            "conditions": {
                "items": [
                    {
						"items": [
							"minecraft:chiseled_polished_blackstone"
						]
                    }
                ]
            }
        },
        "gilded_blackstone": {
            "trigger": "minecraft:inventory_changed",
            "conditions": {
                "items": [
                    {
						"items": [
							"minecraft:gilded_blackstone"
						]
                    }
                ]
            }
        }
	}		
}