{
    "display": {
        "icon": {
            "item": "minecraft:glass"
        },
        "title": {"translate":"Classy Glassy"},
        "description": {"translate":"Smelt sand in a furnace to get glass"}
    },
    "parent": "blazeandcave:building/i_dont_like_sand",
	"rewards": {
		"function": "bc_rewards:building/classy_glassy"
    },		
    "criteria": {
        "glass": {
            "trigger": "minecraft:inventory_changed",
            "conditions": {
                "items": [
                    {
						"items": [
							"minecraft:glass"
						]
                    }
                ]
            }
        }
    }
}