{
    "display": {
        "icon": {
            "item": "minecraft:sea_lantern"
        },
        "title": {"translate":"Expensive!"},
        "description": {"translate":"Light up the area with some sea lanterns"}
    },
    "parent": "blazeandcave:building/electric",
	"rewards": {
		"function": "bc_rewards:building/expensive"
    },		
    "criteria": {
        "sea_lantern": {
            "trigger": "minecraft:placed_block",
            "conditions": {
				"block": "minecraft:sea_lantern"
            }
        }
    }
}