{
    "display": {
        "icon": {
            "item": "minecraft:granite"
        },
        "title": {"translate":"Rock Collection"},
        "description": {"translate":"Collect all the types of rocks"}
    },
    "parent": "blazeandcave:building/root",
    "rewards": {
        "function": "bc_rewards:building/rock_collection"
    },		
    "criteria": {
        "cobblestone": {
            "trigger": "minecraft:inventory_changed",
            "conditions": {
                "items": [
                    {
						"items": [
							"minecraft:cobblestone"
						]
                    }
                ]
            }
        },
        "granite": {
            "trigger": "minecraft:inventory_changed",
            "conditions": {
                "items": [
                    {
						"items": [
							"minecraft:granite"
						]
                    }
                ]
            }
        },
        "diorite": {
            "trigger": "minecraft:inventory_changed",
            "conditions": {
                "items": [
                    {
						"items": [
							"minecraft:diorite"
						]
                    }
                ]
            }
        },
        "andesite": {
            "trigger": "minecraft:inventory_changed",
            "conditions": {
                "items": [
                    {
						"items": [
							"minecraft:andesite"
						]
                    }
                ]
            }
        },
        "calcite": {
            "trigger": "minecraft:inventory_changed",
            "conditions": {
                "items": [
                    {
						"items": [
							"minecraft:calcite"
						]
                    }
                ]
            }
        },
        "tuff": {
            "trigger": "minecraft:inventory_changed",
            "conditions": {
                "items": [
                    {
						"items": [
							"minecraft:tuff"
						]
                    }
                ]
            }
        },
        "dripstone_block": {
            "trigger": "minecraft:inventory_changed",
            "conditions": {
                "items": [
                    {
						"items": [
							"minecraft:dripstone_block"
						]
                    }
                ]
            }
        },
        "cobbled_deepslate": {
            "trigger": "minecraft:inventory_changed",
            "conditions": {
                "items": [
                    {
						"items": [
							"minecraft:cobbled_deepslate"
						]
                    }
                ]
            }
        },
        "smooth_basalt": {
            "trigger": "minecraft:inventory_changed",
            "conditions": {
                "items": [
                    {
						"items": [
							"minecraft:smooth_basalt"
						]
                    }
                ]
            }
        }
	}		
}