{
    "display": {
        "icon": {
            "item": "minecraft:shroomlight"
        },
        "title": {"translate":"Shroom Lightyear"},
        "description": {"translate":"Light up the area with Shroomlight!"}
    },
    "parent": "blazeandcave:building/glowing",
	"rewards": {
		"function": "bc_rewards:building/shroom_lightyear"
    },		
    "criteria": {
        "shroomlight": {
            "trigger": "minecraft:placed_block",
            "conditions": {
				"block": "minecraft:shroomlight"
            }
        }
    }
}