{
    "display": {
        "icon": {
            "item": "minecraft:salmon_bucket"
        },
        "title": {"translate":"Aquarium"},
        "description": {"color":"#75E1FF","translate":"Catch all four types of fish and set them free in an aquarium"},
		"frame": "goal"
    },
    "parent": "minecraft:husbandry/tactical_fishing",
	"rewards": {
		"function": "bc_rewards:animal/aquarium"
    },		
    "criteria": {
        "cod_bucket": {
            "trigger": "minecraft:placed_block",
            "conditions": {
                "item":
                {
					"items": [
						"minecraft:cod_bucket"
					]
                }
            }
        },
        "salmon_bucket": {
            "trigger": "minecraft:placed_block",
            "conditions": {
                "item":
                {
					"items": [
						"minecraft:salmon_bucket"
					]
                }
            }
        },
        "pufferfish_bucket": {
            "trigger": "minecraft:placed_block",
            "conditions": {
                "item":
                {
					"items": [
						"minecraft:pufferfish_bucket"
					]
                }
            }
        },
        "tropical_fish_bucket": {
            "trigger": "minecraft:placed_block",
            "conditions": {
                "item":
                {
					"items": [
						"minecraft:tropical_fish_bucket"
					]
                }
            }
        }		
    }
}