{
    "display": {
        "icon": {
            "item": "minecraft:potion",
			"nbt": "{Potion:\"minecraft:strength\"}"
        },
        "title": {"translate":"Heavy Duty Caravan"},
        "description": {"translate":"Tame a llama with a strength of 5"},
		"frame": "challenge"
    },
    "parent": "blazeandcave:animal/llama_festival",
	"rewards": {
		"function": "bc_rewards:animal/heavy_duty_caravan"
    },		
    "criteria": {
        "strength": {
            "trigger": "minecraft:tame_animal",
            "conditions": {
                "entity": {
                    "type": "#blazeandcave:llamas",
					"nbt": "{Strength:5}"
                }
			}
        }
    }
}