{
    "display": {
        "icon": {
            "item": "minecraft:beehive"
        },
        "title": {"translate":"Hive Mind"},
        "description": {"translate":"Craft a bee hive using planks and honeycombs then place it"}
    },
    "parent": "minecraft:husbandry/safely_harvest_honey",
	"rewards": {
		"function": "bc_rewards:animal/hive_mind"
    },		
    "criteria": {
        "beehive": {
            "trigger": "minecraft:placed_block",
            "conditions": {
				"block": "minecraft:beehive"
            }
        }
    }
}