{
    "display": {
        "icon": {
            "item": "minecraft:mycelium"
        },
        "title": {"translate":"Mooshroom Kingdom"},
        "description": {"translate":"Find mooshrooms on a mushroom island"}
    },
    "parent": "blazeandcave:animal/true_cow_tipper",	
    "rewards": {
		"function": "bc_rewards:animal/mooshroom_kingdom"
    },	
    "criteria": {
        "mushroom_fields": {
            "trigger": "minecraft:location",
            "conditions": {
                "biome": "minecraft:mushroom_fields"
            }
        },
		"mushroom_field_shore": {
            "trigger": "minecraft:location",
            "conditions": {
                "biome": "minecraft:mushroom_field_shore"
            }
        }
    },
    "requirements": [
		[
        "mushroom_fields",
        "mushroom_field_shore"
		]
    ]
}