{
    "display": {
        "icon": {
            "item": "minecraft:spruce_sapling"
        },
        "title": {"translate":"Cold Feet"},
        "description": {"color":"#75E1FF","translate":"Discover every cold biome"},
        "frame": "goal"
    },
    "parent": "blazeandcave:biomes/one_with_the_forest",	
    "rewards": {
		"function": "bc_rewards:biomes/cold_feet"
    },	
    "criteria": {
        "giant_tree_taiga_hills": {
            "trigger": "minecraft:location",
            "conditions": {
                "biome": "minecraft:giant_tree_taiga_hills"
            }
        },
        "taiga_hills": {
            "trigger": "minecraft:location",
            "conditions": {
                "biome": "minecraft:taiga_hills"
            }
        },
        "giant_tree_taiga": {
            "trigger": "minecraft:location",
            "conditions": {
                "biome": "minecraft:giant_tree_taiga"
            }
        },
        "taiga": {
            "trigger": "minecraft:location",
            "conditions": {
                "biome": "minecraft:taiga"
            }
        },
        "mountains": {
            "trigger": "minecraft:location",
            "conditions": {
                "biome": "minecraft:mountains"
            }
        },
        "wooded_mountains": {
            "trigger": "minecraft:location",
            "conditions": {
                "biome": "minecraft:wooded_mountains"
            }
        }		
    }
}