{
    "display": {
        "icon": {
            "item": "minecraft:emerald"
        },
        "title": {"translate":"Buy Low, Sell High"},
        "description": {"color":"#75E1FF","translate":"Trade with a villager while under the Hero of the Village effect"},
		"frame": "goal"
    },
    "parent": "minecraft:adventure/hero_of_the_village",
    "rewards": {
        "function": "bc_rewards:adventure/buy_low_sell_high"
    },		
    "criteria": {
        "trade": {
            "trigger": "minecraft:villager_trade",
			"conditions": {
				"villager": {
					"type": "villager"
				},
				"player": [
					{
						"condition": "minecraft:entity_properties",
						"entity": "this",
						"predicate": {
							"effects": {
								"minecraft:hero_of_the_village": {
									"amplifier": {
										"min": 0
									},
									"duration": {
										"min": 1
									}
								}
							}
						}
					}
				]
			}
        }
    }
}