{
    "display": {
        "icon": {
            "item": "minecraft:elytra"
        },
        "title": {"translate":"Council of Crafters"},
        "description": {"color":"#75E1FF","translate":"Trade with a villager at height limit"},
		"frame": "goal"
    },
    "parent": "blazeandcave:adventure/lilypad_hatter",
    "rewards": {
		"function": "bc_rewards:adventure/council_of_crafters"
    },		
    "criteria": {
        "trade": {
            "trigger": "minecraft:villager_trade",
			"conditions": {
				"villager": {
					"type": "villager",
					"location": {
						"position": {
							"y": {
								"min": 255
							}
						},
						"dimension": "minecraft:overworld"
					}
				}
			}
        },
        "trade_nether": {
            "trigger": "minecraft:villager_trade",
			"conditions": {
				"villager": {
					"type": "villager",
					"location": {
						"position": {
							"y": {
								"min": 255
							}
						},
						"dimension": "minecraft:the_nether"
					}
				}
			}
        },
        "trade_end": {
            "trigger": "minecraft:villager_trade",
			"conditions": {
				"villager": {
					"type": "villager",
					"location": {
						"position": {
							"y": {
								"min": 255
							}
						},
						"dimension": "minecraft:the_end"
					}
				}
			}
        }
    },
	"requirements": [
		[
			"trade",
			"trade_nether",
			"trade_end"
		]
	]
}