{
    "display": {
        "icon": {
            "item": "minecraft:blue_carpet"
        },
        "title": {"translate":"Deal's Off!"},
        "description": {"translate":"Get spat at by one of the Trader Llamas"},
		"hidden": "false"
    },
    "parent": "blazeandcave:adventure/rebuilding_the_oceans",
    "rewards": {
        "function": "bc_rewards:adventure/deals_off"
    },		
    "criteria": {
        "llama_hurt_player": {
            "trigger": "minecraft:entity_hurt_player",
            "conditions": {
				"damage": {
					"source_entity": {
						"type": "minecraft:trader_llama"
					}
				}
            }
        }		
    }
}