{
    "display": {
        "icon": {
            "item": "minecraft:cornflower"
        },
        "title": {"translate":"Florist"},
        "description": {"translate":"Trade for a flower from the Wandering Trader"}
    },
    "parent": "blazeandcave:adventure/travelling_merchant",
    "rewards": {
        "function": "bc_rewards:adventure/florist"
    },		
    "criteria": {
        "flower": {
            "trigger": "minecraft:villager_trade",
			"conditions": {
				"item": {
                    "items": [ 
						"minecraft:dandelion",
						"minecraft:poppy",
						"minecraft:blue_orchid",
						"minecraft:allium",
						"minecraft:azure_bluet",
						"minecraft:red_tulip",
						"minecraft:orange_tulip",
						"minecraft:pink_tulip",
						"minecraft:white_tulip",
						"minecraft:oxeye_daisy",
						"minecraft:sunflower",
						"minecraft:lilac",
						"minecraft:rose_bush",
						"minecraft:peony",
						"minecraft:cornflower",
						"minecraft:lily_of_the_valley"
					]
				},
				"villager": {
					"type": "wandering_trader"
				}
			}
        }
	}
}