{
    "display": {
        "icon": {
            "item": "minecraft:enderman_spawn_egg"
        },
        "title": {"translate":"Slenderman"},
        "description": {"color":"#75E1FF","translate":"Defeat this terrifying monster"},
		"frame": "goal"
    },
    "parent": "blazeandcave:adventure/nyan_sheep",
    "rewards": {
        "function": "bc_rewards:adventure/slenderman"
    },		
    "criteria": {
        "slenderman": {
            "trigger": "minecraft:player_killed_entity",
            "conditions": {
                "entity": {
                    "type": "enderman",
					"nbt": "{CustomName:\"{\\\"text\\\":\\\"Slenderman\\\"}\"}"
                }
            }
        }
    }
}