{
    "display": {
        "icon": {
            "item": "minecraft:crying_obsidian"
        },
        "title": {"translate":"What For?"},
        "description": {"color":"#75E1FF","translate":"Craft 64 ender crystals"},
		"frame": "goal"
    },
    "parent": "minecraft:end/respawn_dragon",
	"rewards": {
		"function": "bc_rewards:end/what_for"
    },	
    "criteria": {
        "end_crystal": {
            "trigger": "minecraft:inventory_changed",
            "conditions": {
                "items": [
                    {
						"items": [
							"minecraft:end_crystal"
						],
						"count": 64
                    }
                ]
            }
        }
    }
}