{
    "display": {
        "icon": {
            "item": "minecraft:nether_star"
        },
        "title": {"translate":"Constellation"},
        "description": {"color":"#FF2A2A","translate":"Collect 64 nether stars"},
		"frame": "challenge"
    },
    "parent": "blazeandcave:challenges/root",
	"rewards": {
		"function": "bc_rewards:challenges/constellation"
    },		
    "criteria": {
        "nether_star": {
            "trigger": "minecraft:inventory_changed",
            "conditions": {
                "items": [
                    {
						"items": [
							"minecraft:nether_star"
						],
						"count": 64
                    }
                ]
            }
        }
    }
}