{
    "display": {
        "icon": {
            "item": "minecraft:player_head",
			"nbt": "{SkullOwner:{Id:[I;652293181,-950186350,-1857676489,-1403293903],Properties:{textures:[{Value:\"eyJ0ZXh0dXJlcyI6eyJTS0lOIjp7InVybCI6Imh0dHA6Ly90ZXh0dXJlcy5taW5lY3JhZnQubmV0L3RleHR1cmUvZWExNWQwNWQwYTg2ODk2OGM2NjhiNWQ4NmM0MDgzMDUzZWJlOWZkZWE5Y2U0YWExMzE1MDM1ZDNiYTg4NDNkIn19fQ==\"}]}}}"
        },
        "title": {"translate":"Dragon vs Wither: Pre-Sequel"},
        "description": {"color":"#FF2A2A","translate":"Defeat the Wither while wearing a Dragon head... without touching the ground"},
		"frame": "challenge"
    },
    "parent": "blazeandcave:challenges/dragon_vs_dragon_ii_electric_boogaloo",
	"rewards": {
		"function": "bc_rewards:challenges/dragon_vs_wither_the_pre_sequel"
    },		
    "criteria": {
        "ten_withers": {
            "trigger": "minecraft:impossible"
        }
    }
}